<?xml version="1.0" encoding="UTF-8"?>

<module xmlns="urn:jboss:module:1.0" name="org.rhq.helpers.rhq-rtfilter-subsystem">

  <resources>
    <resource-root path="rhq-rtfilter-subsystem-4.6.0-SNAPSHOT.jar"/>
  </resources>

  <dependencies>
    <!-- modules required by any subsystem -->
    <module name="javax.api"/>
    <module name="org.jboss.staxmapper"/>
    <module name="org.jboss.as.controller"/>
    <module name="org.jboss.as.server"/>
    <module name="org.jboss.modules"/>
    <module name="org.jboss.msc"/>
    <module name="org.jboss.logging"/>
    <module name="org.jboss.vfs"/>

    <!-- additional modules that this subsystem depends on -->
    <module name="org.jboss.metadata"/>
    <module name="org.jboss.as.ee"/>
    <module name="org.jboss.as.web"/>
    <module name="org.rhq.helpers.rhq-rtfilter"/>
  </dependencies>

</module>
